,rank,id,name,publishers
0,1,4rOoJ6Egrf8K2IrywzwOMk,The Joe Rogan Experience,Joe Rogan
1,2,2khJBoF73ujIATWUFtSxLD,If Books Could Kill,Michael Hobbes & Peter Shamshiri
2,3,7EjHkZKJBXb5BajWcIaAgM,What About Holly?,Fox Audio Network
3,4,6ScuO5ZGGzuMsBlBvpUrdk,Back to the Beach with Kristin and Stephen,Dear Media
4,5,2HGcJRYrjGnpce6bRp8UXm,The Psychology of your 20’s,The Psychology of your 20’s
5,6,79CkJF3UJTHFV8Dse3Oy0P,Huberman Lab,Scicomm Media
6,7,3IM0lmZxpFAY7CwMuv9H4g,The Daily,The New York Times
7,8,2MAi0BvDc6GTFvKFPXnkCL,Lex Fridman Podcast,Lex Fridman
8,9,1sbjTlSAwpfTXjyDTr3yYg,High Low with EmRata,EmRata / Sony Music Entertainment / Somethin’ Else
9,10,1y3SUbFMUSESC1N43tBleK,New Heights with Jason and Travis Kelce,Wave Sports + Entertainment
10,11,3DgfoleqaW61T2amZQKINx,Crime Junkie,audiochuck
11,12,1PgDUTgeyu3FOzK1FcBoqa,"2 Bears, 1 Cave with Tom Segura & Bert Kreischer",YMH Studios
12,13,4c9ZKaFtEKweSYOlYvxfvp,Case 63,Gimlet
13,14,2HDYHI2RKjeJxL21636Opg,Quiet Part Loud,Gimlet
14,15,4NZWQf0wUsaT0tO9unlmra,"MrBallen Podcast: Strange, Dark & Mysterious Stories",MrBallen
15,16,7bnjJ7Va1nM07Um4Od55dW,Call Her Daddy,Alex Cooper
16,17,6PwE1CIZsgfrhX6Bw96PUN,This Past Weekend,Theo Von
17,18,2mTUnDkuKUkhiueKcVWoP0,Up First,NPR
18,19,2X40qLyoj1wQ2qE5FVpA7x,Distractible,Wood Elf Media
19,20,1cpyLfDHP1cNnyOb478qrt,Morbid,Morbid Network | Wondery
20,21,0KxdEdeY2Wb3zr28dMlQva,The Journal.,The Wall Street Journal
21,22,5VzFvh1JlEhBMS6ZHZ8CNO,Anything Goes with Emma Chamberlain,Emma Chamberlain and Ramble
22,23,7akEYbvLc5CpTMOmJpfUgS,for the healthy hoes.,Ri Turner
23,24,0Yzd0g8NYmn27k2HFNplv7,SmartLess,"Jason Bateman, Sean Hayes, Will Arnett"
24,25,2zxw7bz1HT45mp2Kim8vqS,Jordan Klepper Fingers the Conspiracy,Comedy Central & iHeartPodcasts
25,26,6kAsbP8pxwaU2kPibKTuHE,Armchair Expert with Dax Shepard,Armchair Expert
26,27,1WErgoXiZwgctkHLzqU6nf,The Ben Shapiro Show,The Daily Wire
27,28,1Zw2DKjelPnuEYpydFlhgN,The Jordan B. Peterson Podcast,Dr. Jordan B. Peterson
28,29,6UfyXZgVAUX1UzF8j5L72t,Archetypes,Archewell Audio
29,30,615iXBRDJi3MVoO4cC7Fmq,"Murder, Mystery & Makeup",Audioboom Studios
30,31,5EqqB52m2bsr4k1Ii7sStc,On Purpose with Jay Shetty,Jay Shetty
31,32,6BRSvIBNQnB68GuoXJRCnQ,NPR News Now,NPR
32,33,7vz4RYsD5MulTCrcH478t1,The Mel Robbins Podcast,Mel Robbins
33,34,0yc257UifuN47iTWAmqAZn,Chosen Family,Forever Dog
34,35,4ruq7mH0jg1sFi8KQhnGb8,Serial Killers,Parcast
35,36,3MGn724Y6BOSQzfmk3TyuY,Dateline NBC,NBC News
36,37,3SfSNbkVrfz3ceXmNr0lZ4,Lights Out,Mile Higher Media
37,38,5uKsbyFWv7QI3smvZOO7In,The Basement Yard,Santagato Studios
38,39,4HHvTURWViZE5vYuSt0ldG,Dumb Blonde,Dumb Blonde Productions
39,40,3ImqTb6CcfZINTgByeAThh,Rachel Maddow Presents: Ultra,"Rachel Maddow, MSNBC"
40,41,3juMznq0QHcTksjtkMMWer,Bad Bets,The Wall Street Journal
41,42,6fz7k14UNo0gvCIt5rPcVO,Family Guy Season 15,Jim Jones
42,43,0tcUMXBFMGMe8w79MM5QCI,Sold a Story,American Public Media
43,44,4xVLJ72XSJ254TKcCQe9ya,The Ringer's NBA Draft Show,The Ringer
44,45,4DQaLt9FdNH3DqOSWwORXH,It's Not Only Football: Friday Night Lights and Beyond,PodcastOne
45,46,4vRtOIHm6YQxWw3m52OFK5,Funny Cuz It's True with Elyse Myers,Lemonada Media
46,47,0HPt0XIYYOXLisKZ30LPoh,And That's What You REALLY Missed,iHeartPodcasts
47,48,36PzTdM4rvRPaJYdBW1ZNa,Impaulsive with Logan Paul,Logan Paul
48,49,7qSqhqU7x49RUlBhsBLztE,ReWives with Bethenny Frankel,iHeartPodcasts
49,50,5FGIZ4Mme3LjGBglAhvbCB,Sanctified,Spotify Studios
50,51,7i59GubTw3CcNy9M6m7DTX,Your Mom's House with Christina P. and Tome Segura,YMH Studios
51,52,6ie2ywivlNvFCO8LLJYgo7,Date Yourself Instead,Lyss Boss
52,53,3u26tlz7A3WyWRtXliX9a9,Conan O'Brien Needs A Friend,Team Coco & Earwolf
53,54,50xJKxraw7LwLJy2Rervp9,Motivation Daily by Motiversity,Motiversity
54,55,0ofXAdFIQQRsCYj9754UFx,Stuff You Should Know,iHeartPodcasts
55,56,1nm1qDaAEAiOv7pBX7TKTE,Kim Kardashian's The System: The Case of Kevin Keith,Spotify Studios
56,57,6ll0MwobDt1JW9gYaOONEo,"Think Fast, Talk Smart: Communication Techniques",Stanford GSB
57,58,0u8NBMvWajLvc66r9NsJJs,Off the Record with DJ Akademiks,DJ Akademiks
58,59,0qrTGdjrNXezwXyeg7kocs,Bellied Up,You Betcha Radio Network
59,60,0sgGA3WdqeSDFZJvwAxy06,REAL ONES with Jon Bernthal,Jon Bernthal
60,61,3yZg2MCkf31pPXiG4nznrg,Last Podcast On The Left,The Last Podcast Network
61,62,552v0bU0KQrnNDoeinrYU9,Lost In Panama,Kast Media
62,63,0C1nho6RQVhKjhigouLXE6,Funny Tiktoks,Funny Tiktoks
63,64,7almeL1lhlBd88p4Rgkymd,Don't Hug Me I'm Scared [Full Show],Josi
64,65,2IqXAVFR4e0Bmyjsdc8QzF,"All-In with Chamath, Jason, Sacks & Friedberg",Jason Calacanis
65,66,4XWStGCCFR3QrRpdqXbGj8,Casefile Presents: Pseudocide,Spotify Studios
66,67,4P86ZzHf7EOlRG7do9LkKZ,Unlocking Us with Brene Brown,Parcast
67,68,1LeIhhawEPWj4uVLQV8Lkd,The Matt Walsh Show,The Daily Wire
68,69,5PfQzwbYi6ClQU00QYgmMB,History For Weirdos,Andrew & Stephanie
69,70,706hylM6zaDW8LrrYxcggQ,The Mindset Mentor,Rob Dial and Kast Media
70,71,1rdzA518agfXq8fUgZXeHC,Surviving El Chapo: The Twins Who Brought Down A Drug Lord,iHeartPodcasts
71,72,5JGorGvdwljJHTl6wpMXN3,Pod Save America,Crooked Media
72,73,19DWs1mOwfYEyzQ93CGFx3,Culpable,"Tenderfoot TV, Resonate Recordings & Cadence 13"
73,74,0eFL5HJejQHZrdgAFdPnOm,We Can Do Hard Things with Glennon Doyle,Glennon Doyle & Cadence13
74,75,2bAmrw0xKnOhOx4hqSL7vF,Relaxing White Noise,"Relaxing White Noise, LLC"
75,76,4d6RwH9XKnZ6osfNVc26eJ,True Crime with Kendall Rae,Mile Higher Media & Audioboom Studios
76,77,5we95mDQhkGC1rrQnMHQ3T,Candace Owens,The Daily Wire
77,78,5cqHs2kCabyijuKOSN2QUS,The Way I Heard It with Mike Rowe,The Way I Heard It with Mike Rowe
78,79,3rDR8CfpIEMpITG2UC3w5W,Maintenance Phase,Aubrey Gordon & Michael Hobbes
79,80,0rOkFpkORBFMEIHfV0YKzJ,Old Gods of Appalachia,DeepNerd Media
80,81,4ov7WzQzOWTyPC2EhPfPDo,UNCLE JOEY'S JOINT,Joey Coco Diaz
81,82,20Gf4IAauFrfj7RBkjcWxh,Hidden Brain,Hidden Brain
82,83,5RdShpOtxKO3ZWohR2M6Sv,Conspiracy Theories,Parcast
83,84,4CGLKgOJgW9pL8jLqGVqQX,The Tulsi Gabbard Show,Tulsi Media
84,85,44fllCS2FTFr2x2kjP9xeT,Hard Fork,The New York Times
85,86,7rb8eiXKJpg8gjmiY4yDAN,12 Hour Sound Machines (no loops or fades),Brandon Reed
86,87,5eodRZd3qR9VT1ip1wI7xQ,Shawn Ryan Show,Shawn Ryan
87,88,4sftHO603JaFqpuQBEZReL,Dan Bongino Show,Cumulus Podcast Network | Dan Bongino
88,89,6Ob4uwmZtxaLhOkDutrAva,Stiff Socks,Trevor Wallace and Michael Blaustein
89,90,5Sffly5o4mPetmnTR9zsWh,Dungeons and Daddies,Dungeons and Daddies
90,91,3pXx5SXzXwJxnf4A5pWN2A,"Today, Explained",Vox
91,92,70xb620hLbozq0Vb46t6Lv,Jumpers Jump,Jumpers Jump Podcast & Studio71
92,93,0qwYBuOe1gCnAuvzCqWs9z,I'm Literally Screaming with Spencewuah,Brat TV
93,94,0VjIStA3iUPJCqtiTSRhVY,Andrew Schulz's Flagrant with Akaash Singh,Andrew Schulz's Flagrant with Akaash Singh
94,95,0U9S5J2ltMaKdxIfLuEjzE,My Favorite Murder with Karen Kilgariff and Georgia Hardstark,Exactly Right
95,96,5SFiQlOQ3EKmwp0chE1QzY,Monday Morning Podcast,All Things Comedy
96,97,2G3qmhWe8reqyCc7SRqI8F,American Terror,Gimlet / VICE News
97,98,2DZwvzn6Z3xCFZrwZGDrbj,Rotten Mango,Stephanie Soo & Ramble
98,99,1BKj2JdK4yAcz8PoqtXVeg,The Stories We Tell with Joanna Gaines,Blind Nil Audio and Pod People
99,100,2Sqi0dJoIudYWq430DXRH5,Scary Horror Stories by Dr. NoSleep,Dr. NoSleep
